<?xml version="1.0" encoding="ISO-8859-1"?>
<MMEConfig xmlns:xsi="http://www.w3.org/2001/XMLSchema-instance"
              xsi:schemaLocation="MME.xsd">
	<GTP-C plmnId="299000">
		<Paths>
			<Path localAddr="192.168.3.2" remoteAddr="192.168.3.1" type="10"/>	<!-- 10 = S11 MME GTP-C interface -->
		</Paths>
	</GTP-C> 
	<GTP-U plmnId="299000"/>
	<Subscribers>
		<Subscriber
			IMSI="299000001001001"
			MSISDN="491999792001">
			<PDNConns>
				<PDNConn APN="home.test" PDN_GW_ADDR="192.168.1.2" PDN_ALLOC_ADDR="10.10.10.1"/>
			</PDNConns>
		</Subscriber>
	</Subscribers>     
</MMEConfig>