<?xml version="1.0" encoding="ISO-8859-1"?>
<SGWConfig xmlns:xsi="http://www.w3.org/2001/XMLSchema-instance"
              xsi:schemaLocation="SGW.xsd">
	<GTP-C plmnId="299000">
		<Paths>
			<Path localAddr="192.168.1.1" remoteAddr="192.168.1.2" type="6"/>	<!-- 6 = S5/S8 SGW GTP-C interface -->
			<Path localAddr="192.168.3.1" remoteAddr="192.168.3.2" type="11"/>	<!-- 11 = S11/S4 SGW GTP-C interface -->
		</Paths>
	</GTP-C>  
	<GTP-U plmnId="299000">
		<Paths>
			<Path localAddr="192.168.1.1" remoteAddr="192.168.1.2" type="4"/>	<!-- 4 = S5/S8 SGW GTP-U interface -->
			<!-- <Path localAddr="192.168.3.1" remoteAddr="192.168.3.2" type="4"/>	11 = S11/S4 SGW GTP-C interface -->
		</Paths>
	</GTP-U>  
</SGWConfig>