<?xml version="1.0"?>
<scenario>
	<at t="2s">
		<add-session module="LSR1.rsvp">
			<endpoint>10.2.1.1</endpoint>
			<tunnel_id>1</tunnel_id>

			<paths>
				<path>
					<lspid>101</lspid>

					<bandwidth>400000</bandwidth>
					<route>
						<node>10.1.1.1</node>
						<node>10.1.2.1</node>
						<node>10.1.4.1</node>
						<node>10.1.5.1</node>
					</route>

					<color>100</color>
				</path>
			</paths>
		</add-session>
	</at>
	<at t="2.2s">
		<bind-fec module="LSR1.classifier">
			<id>1</id>
			<endpoint>10.2.1.1</endpoint>
			<tunnel_id>1</tunnel_id>
			<destination>10.2.1.1</destination>
			<lspid>101</lspid>
		</bind-fec>
	</at>
	<at t="2.4s">
		<del-session module="LSR1.rsvp">
			<endpoint>10.2.1.1</endpoint>
			<tunnel_id>1</tunnel_id>

			<paths>
				<path>
					<lspid>100</lspid>
				</path>
			</paths>
		</del-session>
	</at>
</scenario>
