<?xml version="1.0" encoding="ISO-8859-1"?>
<ENBConfig xmlns:xsi="http://www.w3.org/2001/XMLSchema-instance"
              xsi:schemaLocation="ENB.xsd">
    
    <S1AP 	type="1"			
    		mcc="591"
    		mnc="78"
    		cellId="1"
    		name="enb1">	<!-- 1 = connector -->
		<Connectors>
			<Connector address="192.168.2.2" port="30000"/>
		</Connectors>
		<SuppTas>
			<SuppTa tac="7712">
				<Bplmns>
					<Bplmn mcc="591" mnc="678"/>
				</Bplmns>
			</SuppTa>
		</SuppTas>
	</S1AP>        
</ENBConfig>
