<?xml version="1.0" encoding="ISO-8859-1"?>
<MMEConfig xmlns:xsi="http://www.w3.org/2001/XMLSchema-instance"
              xsi:schemaLocation="MME.xsd">
    <S1AP 	type="0"
    		name="mme1">		<!-- 0 = listener -->
    	<Listeners port="30000">
			<Listener address="192.168.2.2"/>
		</Listeners>
		<ServGummeis>
			<ServGummei>
				<ServPlmns>
					<ServPlmn mcc="558" mnc="71"/>
				</ServPlmns>
				<ServGroupIds>
					<ServGroup id="4444"/>
				</ServGroupIds>
				<ServMmecs>
					<ServMme code="55"/>
				</ServMmecs>
			</ServGummei>
		</ServGummeis>
    </S1AP>
</MMEConfig>