<?xml version="1.0" encoding="ISO-8859-1"?>
<HSSConfig xmlns:xsi="http://www.w3.org/2001/XMLSchema-instance"
              xsi:schemaLocation="HSS.xsd">
    <DNS>
    	<Entry FQDN="mme.lte.test" address="192.168.1.2"/>
    </DNS>
	<Diameter
				FQDN="hss.lte.test"
				Realm="lte.test"
				Vendor_Id="10415"
				Product_Name="HSSDiameter">	
		<Listeners port="3868">
			<Listener address="192.168.1.1"/>
		</Listeners>
		<Peers>		
			<Peer FQDN="mme.lte.test" Realm="lte.test" port="3868"/>
		</Peers>
    </Diameter>            
</HSSConfig>