<?xml version="1.0" encoding="ISO-8859-1"?>
<MMEConfig xmlns:xsi="http://www.w3.org/2001/XMLSchema-instance"
              xsi:schemaLocation="MME.xsd">
    <DNS>
    	<Entry FQDN="hss.lte.test" address="192.168.1.1"/>
    </DNS>
	<Diameter
				FQDN="mme.lte.test"
				Realm="lte.test"
				Vendor_Id="10415"
				Product_Name="MMEDiameter">	
		<Listeners port="3868">
			<Listener address="192.168.1.2"/>
		</Listeners>
		<Peers>
			<Peer FQDN="hss.lte.test" Realm="lte.test" port="3868"/>
		</Peers>
    </Diameter>
</MMEConfig>