<?xml version="1.0" encoding="ISO-8859-1"?>
<OSPFASConfig xmlns:xsi="http://www.w3.org/2001/XMLSchema-instance"
              xsi:schemaLocation="OSPF.xsd">

  <!-- Areas -->
  <Area id="0.0.0.0">
    <AddressRange>
      <Address>192.168.13.1</Address>
      <Mask>255.255.255.255</Mask>
      <Status>Advertise</Status>
    </AddressRange>
    <AddressRange>
      <Address>192.168.14.2</Address>
      <Mask>255.255.255.255</Mask>
      <Status>Advertise</Status>
    </AddressRange>
  </Area>

  <Area id="0.0.0.1">
    <AddressRange>
      <Address>192.168.1.0</Address>
      <Mask>255.255.255.0</Mask>
      <Status>Advertise</Status>
    </AddressRange>
    <AddressRange>
      <Address>192.168.2.0</Address>
      <Mask>255.255.255.0</Mask>
      <Status>Advertise</Status>
    </AddressRange>
    <AddressRange>
      <Address>192.168.11.1</Address>
      <Mask>255.255.255.255</Mask>
      <Status>Advertise</Status>
    </AddressRange>
    <AddressRange>
      <Address>192.168.11.2</Address>
      <Mask>255.255.255.255</Mask>
      <Status>Advertise</Status>
    </AddressRange>
    <AddressRange>
      <Address>192.168.12.1</Address>
      <Mask>255.255.255.255</Mask>
      <Status>Advertise</Status>
    </AddressRange>
    <AddressRange>
      <Address>192.168.12.2</Address>
      <Mask>255.255.255.255</Mask>
      <Status>Advertise</Status>
    </AddressRange>
    <AddressRange>
      <Address>192.168.13.2</Address>
      <Mask>255.255.255.255</Mask>
      <Status>Advertise</Status>
    </AddressRange>
    <AddressRange>
      <Address>192.168.13.3</Address>
      <Mask>255.255.255.255</Mask>
      <Status>Advertise</Status>
    </AddressRange>
  </Area>

  <Area id="0.0.0.2">
    <AddressRange>
      <Address>192.168.3.0</Address>
      <Mask>255.255.255.0</Mask>
      <Status>Advertise</Status>
    </AddressRange>
    <AddressRange>
      <Address>192.168.14.1</Address>
      <Mask>255.255.255.255</Mask>
      <Status>Advertise</Status>
    </AddressRange>
    <AddressRange>
      <Address>192.168.15.2</Address>
      <Mask>255.255.255.255</Mask>
      <Status>Advertise</Status>
    </AddressRange>
  </Area>

  <!-- Routers -->
  <Router id="192.168.11.2"> <!-- R1 -->
    <RFC1583Compatible />
    <PointToPointInterface ifName="eth0">
      <AreaID>0.0.0.1</AreaID>
      <InterfaceOutputCost>1</InterfaceOutputCost>
      <RetransmissionInterval>5</RetransmissionInterval>
      <InterfaceTransmissionDelay>1</InterfaceTransmissionDelay>
      <HelloInterval>10</HelloInterval>
      <RouterDeadInterval>40</RouterDeadInterval>
      <AuthenticationType>NullType</AuthenticationType>
      <AuthenticationKey>0x00</AuthenticationKey>
    </PointToPointInterface>
    <PointToPointInterface ifName="eth1">
      <AreaID>0.0.0.1</AreaID>
      <InterfaceOutputCost>1</InterfaceOutputCost>
      <RetransmissionInterval>5</RetransmissionInterval>
      <InterfaceTransmissionDelay>1</InterfaceTransmissionDelay>
      <HelloInterval>10</HelloInterval>
      <RouterDeadInterval>40</RouterDeadInterval>
      <AuthenticationType>NullType</AuthenticationType>
      <AuthenticationKey>0x00</AuthenticationKey>
    </PointToPointInterface>
    <BroadcastInterface ifName="eth2">
      <AreaID>0.0.0.1</AreaID>
      <InterfaceOutputCost>1</InterfaceOutputCost>
      <RetransmissionInterval>5</RetransmissionInterval>
      <InterfaceTransmissionDelay>1</InterfaceTransmissionDelay>
      <RouterPriority>1</RouterPriority>
      <HelloInterval>10</HelloInterval>
      <RouterDeadInterval>40</RouterDeadInterval>
      <AuthenticationType>NullType</AuthenticationType>
      <AuthenticationKey>0x00</AuthenticationKey>
    </BroadcastInterface>
  </Router>

  <Router id="192.168.12.2"> <!-- R2 -->
    <RFC1583Compatible />
    <PointToPointInterface ifName="eth0">
      <AreaID>0.0.0.1</AreaID>
      <InterfaceOutputCost>2</InterfaceOutputCost>
      <RetransmissionInterval>5</RetransmissionInterval>
      <InterfaceTransmissionDelay>1</InterfaceTransmissionDelay>
      <HelloInterval>10</HelloInterval>
      <RouterDeadInterval>40</RouterDeadInterval>
      <AuthenticationType>NullType</AuthenticationType>
      <AuthenticationKey>0x00</AuthenticationKey>
    </PointToPointInterface>
    <PointToPointInterface ifName="eth1">
      <AreaID>0.0.0.1</AreaID>
      <InterfaceOutputCost>2</InterfaceOutputCost>
      <RetransmissionInterval>5</RetransmissionInterval>
      <InterfaceTransmissionDelay>1</InterfaceTransmissionDelay>
      <HelloInterval>10</HelloInterval>
      <RouterDeadInterval>40</RouterDeadInterval>
      <AuthenticationType>NullType</AuthenticationType>
      <AuthenticationKey>0x00</AuthenticationKey>
    </PointToPointInterface>
    <BroadcastInterface ifName="eth2">
      <AreaID>0.0.0.1</AreaID>
      <InterfaceOutputCost>2</InterfaceOutputCost>
      <RetransmissionInterval>5</RetransmissionInterval>
      <InterfaceTransmissionDelay>1</InterfaceTransmissionDelay>
      <RouterPriority>2</RouterPriority>
      <HelloInterval>10</HelloInterval>
      <RouterDeadInterval>40</RouterDeadInterval>
      <AuthenticationType>NullType</AuthenticationType>
      <AuthenticationKey>0x00</AuthenticationKey>
    </BroadcastInterface>
  </Router>

  <Router id="192.168.13.3"> <!-- R3 -->
    <RFC1583Compatible />
    <PointToPointInterface ifName="eth0">
      <AreaID>0.0.0.0</AreaID>
      <InterfaceOutputCost>3</InterfaceOutputCost>
      <RetransmissionInterval>5</RetransmissionInterval>
      <InterfaceTransmissionDelay>1</InterfaceTransmissionDelay>
      <HelloInterval>10</HelloInterval>
      <RouterDeadInterval>40</RouterDeadInterval>
      <AuthenticationType>NullType</AuthenticationType>
      <AuthenticationKey>0x00</AuthenticationKey>
    </PointToPointInterface>
    <PointToPointInterface ifName="eth1">
      <AreaID>0.0.0.1</AreaID>
      <InterfaceOutputCost>3</InterfaceOutputCost>
      <RetransmissionInterval>5</RetransmissionInterval>
      <InterfaceTransmissionDelay>1</InterfaceTransmissionDelay>
      <HelloInterval>10</HelloInterval>
      <RouterDeadInterval>40</RouterDeadInterval>
      <AuthenticationType>NullType</AuthenticationType>
      <AuthenticationKey>0x00</AuthenticationKey>
    </PointToPointInterface>
    <PointToPointInterface ifName="eth2">
      <AreaID>0.0.0.1</AreaID>
      <InterfaceOutputCost>3</InterfaceOutputCost>
      <RetransmissionInterval>5</RetransmissionInterval>
      <InterfaceTransmissionDelay>1</InterfaceTransmissionDelay>
      <HelloInterval>10</HelloInterval>
      <RouterDeadInterval>40</RouterDeadInterval>
      <AuthenticationType>NullType</AuthenticationType>
      <AuthenticationKey>0x00</AuthenticationKey>
    </PointToPointInterface>
  </Router>

  <Router id="192.168.14.2"> <!-- R4 -->
    <RFC1583Compatible />
    <PointToPointInterface ifName="eth0">
      <AreaID>0.0.0.2</AreaID>
      <InterfaceOutputCost>4</InterfaceOutputCost>
      <RetransmissionInterval>5</RetransmissionInterval>
      <InterfaceTransmissionDelay>1</InterfaceTransmissionDelay>
      <HelloInterval>10</HelloInterval>
      <RouterDeadInterval>40</RouterDeadInterval>
      <AuthenticationType>NullType</AuthenticationType>
      <AuthenticationKey>0x00</AuthenticationKey>
    </PointToPointInterface>
    <PointToPointInterface ifName="eth1">
      <AreaID>0.0.0.0</AreaID>
      <InterfaceOutputCost>4</InterfaceOutputCost>
      <RetransmissionInterval>5</RetransmissionInterval>
      <InterfaceTransmissionDelay>1</InterfaceTransmissionDelay>
      <HelloInterval>10</HelloInterval>
      <RouterDeadInterval>40</RouterDeadInterval>
      <AuthenticationType>NullType</AuthenticationType>
      <AuthenticationKey>0x00</AuthenticationKey>
    </PointToPointInterface>
  </Router>

  <Router id="192.168.15.2"> <!-- R5 -->
    <RFC1583Compatible />
    <PointToPointInterface ifName="eth0">
      <AreaID>0.0.0.2</AreaID>
      <InterfaceOutputCost>5</InterfaceOutputCost>
      <RetransmissionInterval>5</RetransmissionInterval>
      <InterfaceTransmissionDelay>1</InterfaceTransmissionDelay>
      <HelloInterval>10</HelloInterval>
      <RouterDeadInterval>40</RouterDeadInterval>
      <AuthenticationType>NullType</AuthenticationType>
      <AuthenticationKey>0x00</AuthenticationKey>
    </PointToPointInterface>
    <PointToPointInterface ifName="eth1">
      <AreaID>0.0.0.2</AreaID>
      <InterfaceOutputCost>5</InterfaceOutputCost>
      <RetransmissionInterval>5</RetransmissionInterval>
      <InterfaceTransmissionDelay>1</InterfaceTransmissionDelay>
      <HelloInterval>10</HelloInterval>
      <RouterDeadInterval>40</RouterDeadInterval>
      <AuthenticationType>NullType</AuthenticationType>
      <AuthenticationKey>0x00</AuthenticationKey>
    </PointToPointInterface>
  </Router>

</OSPFASConfig>
